city, latitude, longitude
"Stockholm", 59.3293, 18.0686
"Göteborg", 57.7089, 11.9743
"Malmö", 55.6050, 13.0038
"Uppsala", 59.8586, 17.6389
"Västerås", 59.6099, 16.5448
"Örebro", 59.2741, 15.2066
"Linköping", 58.4109, 15.6216
"Helsingborg", 56.0465, 12.6945
"Jönköping", 57.7826, 14.1618
"Norrköping", 58.5877, 16.1924
"Oslo",59.9139,10.7522
"Copenhagen",55.6761,12.5683
"Helsinki",60.1699,24.9384
"Berlin",52.5200,13.4050
"Paris",48.8566,2.3522
"Amsterdam",52.3676,4.9041
"Madrid",40.4168,-3.7038
"Rome",41.9028,12.4964
"Vienna",48.2082,16.3738
"Prague",50.0755,14.4378
"Warsaw",52.2297,21.0122
"Brussels",50.8503,4.3517
"Lisbon",38.7223,-9.1393
"Dublin",53.3498,-6.2603
"London",51.5074,-0.1278